{
  "chain_id": "raw-to-part-1764226364",
  "metal": {
    "spacing": 3.2083674049932784,
    "impurity": 4.194328824738279
  },
  "casting": {
    "cooling_rate": 10.043696301403587,
    "hardness": 133.27323588870357
  },
  "cnc": {
    "feed": -117.40240815223747,
    "speed": 1993.7944695207568
  },
  "timestamp": 1764226364.859188
}