{
  "chain_id": "safe-zone-1764226454",
  "robotics": {
    "velocity": 0.226990215670613
  },
  "amr": {
    "human_dist": 1.5,
    "safe_speed": 1.4999499999988046
  },
  "assembly": {
    "cycle_time": 10.0,
    "throughput": 1.9342813113834067e+30
  },
  "timestamp": 1764226454.77372
}