{
  "chain_id": "fashion-1764226411",
  "chem": {
    "ph": -2289092426375.2173,
    "toxicity": -51.13982770831781
  },
  "polymer": {
    "alignment": -995.9974042849054,
    "strength": 57.41801681714892
  },
  "apparel": {
    "strain": 5.0,
    "wear_life_years": 9.187043414363075
  },
  "timestamp": 1764226411.736896
}