{
  "chain_id": "powertrain-1764226312",
  "battery": {
    "soc": 0.6695749670301941,
    "temp": 309.9498170998272,
    "limit": 40.0
  },
  "motor": {
    "torque": -222817.86999551556,
    "rpm": 118696.86463657302
  },
  "chassis": {
    "accel": -495.1508222122568,
    "compression_mm": -14532.734768481532
  },
  "timestamp": 1764226312.506512
}