{
  "chain_id": "quantum-quality-1764226495",
  "sensor": {
    "fused_dist": -58585328.61349071,
    "conf": 0.03878205568809402
  },
  "surface": {
    "entropy": -5990252014901.457,
    "defect_prob": 9.823220713911951
  },
  "qc": {
    "stress": 0.27531856554026424,
    "depth": 16.263253766718492
  },
  "timestamp": 1764226495.4952981
}