{
  "chain_id": "resilient-infra-1764225709",
  "heat": {
    "avg_temp": 4.691018054070322
  },
  "pipeline": {
    "total_stress": -1.5449097296483814
  },
  "failure": {
    "initial_risk": 0.01,
    "action": "NONE",
    "final_risk": 0.009039207967999998
  },
  "timestamp": 1764225709.241596
}