{"timestamp": 1764437211.0417762, "source": "CAPSULE_A2A", "energy_state": {"joules": 391.77075763951103, "entropy": 0.5961964818763307}, "event_type": "OPTIMIZATION_STEP", "payload": {"action_vector": [0.9815540401848399, 0.4218877298918522, 0.8326536032498921], "safety_score": 0.9214643787101369}}