{"timestamp": 1764482379.5898292, "source": "CAPSULE_A2A", "energy_state": {"joules": 257.17775876763665, "entropy": 0.444278232078825}, "event_type": "OPTIMIZATION_STEP", "payload": {"action_vector": [0.5810463729601422, 0.23469159299795095, 0.27497132796115464], "safety_score": 0.9065140797068757}}