{"timestamp": 1764437163.2317598, "source": "ROBOTICS", "energy_state": {"joules": 306.3023183536304, "entropy": 0.5364130862535242}, "event_type": "OPTIMIZATION_STEP", "payload": {"action_vector": [0.3875332974404109, 0.7573903226810277, 0.01894425330202132], "safety_score": 0.8685723410815199}}