{"timestamp": 1764437206.12185, "source": "CAPSULE_A2A", "energy_state": {"joules": 415.1060679215137, "entropy": 0.34572220730204306}, "event_type": "OPTIMIZATION_STEP", "payload": {"action_vector": [0.353449961678195, 0.6043180561826821, 0.6370294748116717], "safety_score": 0.9506360326946576}}