{"timestamp": 1764482374.877413, "source": "CAPSULE_A2A", "energy_state": {"joules": 379.70180184335607, "entropy": 0.6471351854534608}, "event_type": "OPTIMIZATION_STEP", "payload": {"action_vector": [0.8538722491503392, 0.9762527000026384, 0.2829448058607533], "safety_score": 0.9457352916447258}}