{"timestamp": 1764436551.5915241, "source": "CAPSULE_A2A", "energy_state": {"joules": 184.2226988075397, "entropy": 0.17846469033112708}, "event_type": "OPTIMIZATION_STEP", "payload": {"action_vector": [0.7986920048964523, 0.7960708585908913, 0.804520261335572], "safety_score": 0.9481856404829517}}