{"timestamp": 1764482378.153693, "source": "AI_SHIELD", "energy_state": {"joules": 123.50580503532322, "entropy": 0.8685567337470382}, "event_type": "OPTIMIZATION_STEP", "payload": {"action_vector": [0.005340146616802044, 0.4293472864817497, 0.5028818798025849], "safety_score": 0.8898681961550388}}