{"timestamp": 1764482378.766898, "source": "SIMULATOR", "energy_state": {"joules": 340.4406253770261, "entropy": 0.2216247351012516}, "event_type": "OPTIMIZATION_STEP", "payload": {"action_vector": [0.7256685306553612, 0.24754098591649432, 0.556383048110164], "safety_score": 0.958609278503166}}