{"timestamp": 1764436550.772223, "source": "AI_SHIELD", "energy_state": {"joules": 147.80393494923172, "entropy": 0.18985336627105626}, "event_type": "OPTIMIZATION_STEP", "payload": {"action_vector": [0.6815091807808096, 0.8698034419261428, 0.5378305243582341], "safety_score": 0.8129343367052368}}