{"timestamp": 1764482373.850792, "source": "AI_SHIELD", "energy_state": {"joules": 146.9137499802883, "entropy": 0.10850428823026421}, "event_type": "OPTIMIZATION_STEP", "payload": {"action_vector": [0.8793727957391586, 0.7985728435994398, 0.2029135704831727], "safety_score": 0.9936301531670217}}