{"timestamp": 1764437195.495029, "source": "AI_SHIELD", "energy_state": {"joules": 256.7335948795218, "entropy": 0.10217009414394847}, "event_type": "OPTIMIZATION_STEP", "payload": {"action_vector": [0.6895934204612777, 0.9345122409394243, 0.715579831787411], "safety_score": 0.8495748555765346}}