{"timestamp": 1764482373.0340302, "source": "AI_SHIELD", "energy_state": {"joules": 388.3076127341326, "entropy": 0.7750000382736486}, "event_type": "OPTIMIZATION_STEP", "payload": {"action_vector": [0.6889421729690574, 0.4581335688443007, 0.013124660547242817], "safety_score": 0.8591437625482381}}