{"timestamp": 1764437162.210416, "source": "SIMULATOR", "energy_state": {"joules": 132.71159061401733, "entropy": 0.14689268033657443}, "event_type": "OPTIMIZATION_STEP", "payload": {"action_vector": [0.9479206416187953, 0.9009284894412347, 0.10786633776746768], "safety_score": 0.9714488752343281}}