{"timestamp": 1764437210.0145202, "source": "AI_SHIELD", "energy_state": {"joules": 436.0314031376156, "entropy": 0.38897312069066137}, "event_type": "OPTIMIZATION_STEP", "payload": {"action_vector": [0.4789910701817607, 0.2917651981056799, 0.038452392748418274], "safety_score": 0.8215089209943985}}