{"timestamp": 1764437194.229697, "source": "SIMULATOR", "energy_state": {"joules": 267.14185993309974, "entropy": 0.7696400759541885}, "event_type": "OPTIMIZATION_STEP", "payload": {"action_vector": [0.5268908028782651, 0.46454742425774764, 0.7917534417496064], "safety_score": 0.8881771617754911}}