{"timestamp": 1764437161.8019378, "source": "CAPSULE_A2A", "energy_state": {"joules": 208.44608878061155, "entropy": 0.35095554982362787}, "event_type": "OPTIMIZATION_STEP", "payload": {"action_vector": [0.31375676327113167, 0.3572079172018211, 0.9541342862759616], "safety_score": 0.8139324810648031}}