{"timestamp": 1764482380.411045, "source": "CAPSULE_A2A", "energy_state": {"joules": 409.75949924634045, "entropy": 0.7473816510189432}, "event_type": "OPTIMIZATION_STEP", "payload": {"action_vector": [0.20257285004516667, 0.8237903884655108, 0.3759613093084473], "safety_score": 0.9844461696818546}}