{"timestamp": 1764482382.4594922, "source": "ROBOTICS", "energy_state": {"joules": 198.01388305032776, "entropy": 0.1756755351437299}, "event_type": "OPTIMIZATION_STEP", "payload": {"action_vector": [0.8140454912153995, 0.37659834874422105, 0.8265461565685094], "safety_score": 0.9920287981903361}}