{"timestamp": 1764482381.0255308, "source": "CAPSULE_A2A", "energy_state": {"joules": 237.76117952631716, "entropy": 0.1481798762566677}, "event_type": "OPTIMIZATION_STEP", "payload": {"action_vector": [0.9469716826698618, 0.8543964645029002, 0.6551864014099725], "safety_score": 0.8157738625262683}}