{"timestamp": 1764437206.327334, "source": "CAPSULE_A2A", "energy_state": {"joules": 109.36407332437423, "entropy": 0.34662129876710035}, "event_type": "OPTIMIZATION_STEP", "payload": {"action_vector": [0.1460593882860095, 0.17944941274479953, 0.7639956078464709], "safety_score": 0.9296180644164036}}