{"timestamp": 1764437205.303852, "source": "CAPSULE_A2A", "energy_state": {"joules": 414.0915532567386, "entropy": 0.898966940955053}, "event_type": "OPTIMIZATION_STEP", "payload": {"action_vector": [0.37856975759151945, 0.0511913922608338, 0.28730477270688515], "safety_score": 0.9541224312390838}}