{"timestamp": 1764437205.7145238, "source": "AI_SHIELD", "energy_state": {"joules": 160.88021330889117, "entropy": 0.4005904382459623}, "event_type": "OPTIMIZATION_STEP", "payload": {"action_vector": [0.5970673792846576, 0.3263356957965623, 0.3037804520648826], "safety_score": 0.8987571016832449}}