{"timestamp": 1764436551.182107, "source": "CAPSULE_A2A", "energy_state": {"joules": 132.8171046117424, "entropy": 0.783141385588843}, "event_type": "OPTIMIZATION_STEP", "payload": {"action_vector": [0.6848802120802026, 0.9017502429528494, 0.40532132055445635], "safety_score": 0.8657681492101307}}