{"timestamp": 1764437205.920071, "source": "AI_SHIELD", "energy_state": {"joules": 194.30992202526394, "entropy": 0.7589767864848844}, "event_type": "OPTIMIZATION_STEP", "payload": {"action_vector": [0.2776569239963589, 0.2552506813318479, 0.24480663546432457], "safety_score": 0.9594348436177771}}