{"timestamp": 1764482377.746559, "source": "AI_SHIELD", "energy_state": {"joules": 301.79121064552606, "entropy": 0.8907260997692004}, "event_type": "OPTIMIZATION_STEP", "payload": {"action_vector": [0.9718100017459564, 0.2616469915768078, 0.07337932978611894], "safety_score": 0.8657825098287001}}