{"timestamp": 1764437162.825748, "source": "CAPSULE_A2A", "energy_state": {"joules": 360.4749220069225, "entropy": 0.2991135424734071}, "event_type": "OPTIMIZATION_STEP", "payload": {"action_vector": [0.08865738844839521, 0.7256294806808717, 0.35664210076883107], "safety_score": 0.9847696526166765}}