{"timestamp": 1764437194.868481, "source": "CAPSULE_A2A", "energy_state": {"joules": 435.95529884379516, "entropy": 0.11492888970859712}, "event_type": "OPTIMIZATION_STEP", "payload": {"action_vector": [0.11063993971833264, 0.4311142544642008, 0.07351890640081038], "safety_score": 0.9104067531575922}}