{"timestamp": 1764437204.474849, "source": "AI_SHIELD", "energy_state": {"joules": 471.00215902467, "entropy": 0.6696460634491482}, "event_type": "OPTIMIZATION_STEP", "payload": {"action_vector": [0.172090974542087, 0.986243377621946, 0.12131220204780713], "safety_score": 0.8993953890754796}}