{"timestamp": 1764437204.062017, "source": "SIMULATOR", "energy_state": {"joules": 270.0649101031662, "entropy": 0.187350536256748}, "event_type": "OPTIMIZATION_STEP", "payload": {"action_vector": [0.3340360294649658, 0.35128962556839194, 0.41996518600489474], "safety_score": 0.8245616079429363}}