{"timestamp": 1764482381.64196, "source": "ROBOTICS", "energy_state": {"joules": 461.45156440955964, "entropy": 0.28712275510981233}, "event_type": "OPTIMIZATION_STEP", "payload": {"action_vector": [0.8732048388681244, 0.29123291713368893, 0.2687680427768928], "safety_score": 0.9480212163640065}}