{"timestamp": 1764482377.1307552, "source": "AI_SHIELD", "energy_state": {"joules": 416.5447173327649, "entropy": 0.2980418066669994}, "event_type": "OPTIMIZATION_STEP", "payload": {"action_vector": [0.9567014633103632, 0.8235813456854795, 0.8446338235361028], "safety_score": 0.8472642400705366}}