{"timestamp": 1764437210.423948, "source": "SIMULATOR", "energy_state": {"joules": 106.80680095723223, "entropy": 0.1225942098336236}, "event_type": "OPTIMIZATION_STEP", "payload": {"action_vector": [0.7790795692423212, 0.677802364726627, 0.442699332702262], "safety_score": 0.9043197550628712}}