{"timestamp": 1764482378.976167, "source": "AI_SHIELD", "energy_state": {"joules": 311.0845804886728, "entropy": 0.2559338344821086}, "event_type": "OPTIMIZATION_STEP", "payload": {"action_vector": [0.1224099584109265, 0.16589900446563988, 0.47826257081553514], "safety_score": 0.9670492791558088}}