{"timestamp": 1764437193.613757, "source": "SIMULATOR", "energy_state": {"joules": 170.62798622372367, "entropy": 0.38835878251282385}, "event_type": "OPTIMIZATION_STEP", "payload": {"action_vector": [0.8867766822488137, 0.743722566709138, 0.1881879498784872], "safety_score": 0.9771133315790529}}