{"timestamp": 1764437163.0262358, "source": "ROBOTICS", "energy_state": {"joules": 185.97259878698296, "entropy": 0.6706453515723763}, "event_type": "OPTIMIZATION_STEP", "payload": {"action_vector": [0.7906965228027779, 0.5468843178594092, 0.9629932916209232], "safety_score": 0.966286915916006}}