{"timestamp": 1764437208.9886699, "source": "AI_SHIELD", "energy_state": {"joules": 403.8344946171903, "entropy": 0.10283022139443024}, "event_type": "OPTIMIZATION_STEP", "payload": {"action_vector": [0.6424399950276528, 0.06803588107498137, 0.4151939757093607], "safety_score": 0.8094289634927208}}