{"timestamp": 1764482377.33514, "source": "CAPSULE_A2A", "energy_state": {"joules": 384.1388581362352, "entropy": 0.33394158611850167}, "event_type": "OPTIMIZATION_STEP", "payload": {"action_vector": [0.4019966576643218, 0.0037679145684866855, 0.3222810625913539], "safety_score": 0.8814998094225319}}