{"timestamp": 1764482379.795682, "source": "AI_SHIELD", "energy_state": {"joules": 140.33185925009337, "entropy": 0.513667451454382}, "event_type": "OPTIMIZATION_STEP", "payload": {"action_vector": [0.02829819276687706, 0.6386361632994683, 0.9474329113722357], "safety_score": 0.9336631479789436}}