{"timestamp": 1764482378.359363, "source": "AI_SHIELD", "energy_state": {"joules": 383.63235469928594, "entropy": 0.5368369949604815}, "event_type": "OPTIMIZATION_STEP", "payload": {"action_vector": [0.5263799320297292, 0.6457261085471437, 0.08101712036008157], "safety_score": 0.8911568632144441}}