{"timestamp": 1764437209.603821, "source": "AI_SHIELD", "energy_state": {"joules": 143.00245037697687, "entropy": 0.8740990333856898}, "event_type": "OPTIMIZATION_STEP", "payload": {"action_vector": [0.15838789874528425, 0.8458046942788404, 0.3824692516617326], "safety_score": 0.8943718462717297}}