{"timestamp": 1764436550.155469, "source": "AI_SHIELD", "energy_state": {"joules": 173.6880854873802, "entropy": 0.776556368067672}, "event_type": "OPTIMIZATION_STEP", "payload": {"action_vector": [0.9843573921439808, 0.1862075102384163, 0.5199967537407963], "safety_score": 0.8058957014988629}}