{"timestamp": 1764437194.020421, "source": "CAPSULE_A2A", "energy_state": {"joules": 403.82708207827716, "entropy": 0.7673692042476613}, "event_type": "OPTIMIZATION_STEP", "payload": {"action_vector": [0.15666749826231352, 0.8434415095756609, 0.9648504707655641], "safety_score": 0.9652476154653613}}