{"timestamp": 1764437209.3995461, "source": "CAPSULE_A2A", "energy_state": {"joules": 254.52010487679212, "entropy": 0.8460641786626372}, "event_type": "OPTIMIZATION_STEP", "payload": {"action_vector": [0.3157169068293194, 0.7162454701133099, 0.8949331457932075], "safety_score": 0.957195918720859}}