{"timestamp": 1764482382.0479941, "source": "CAPSULE_A2A", "energy_state": {"joules": 271.6447380088776, "entropy": 0.5540164765288167}, "event_type": "OPTIMIZATION_STEP", "payload": {"action_vector": [0.10183651637796054, 0.11944573005346237, 0.4435095417734447], "safety_score": 0.9851555300228017}}