{"timestamp": 1764482374.467077, "source": "SIMULATOR", "energy_state": {"joules": 229.85407018505265, "entropy": 0.2030177676997508}, "event_type": "OPTIMIZATION_STEP", "payload": {"action_vector": [0.6904229548163621, 0.31384193574889385, 0.6003435515190699], "safety_score": 0.9965877032224618}}