{"timestamp": 1764437210.220701, "source": "AI_SHIELD", "energy_state": {"joules": 257.20264973638757, "entropy": 0.12494858278446595}, "event_type": "OPTIMIZATION_STEP", "payload": {"action_vector": [0.972121830110416, 0.0060253291660588015, 0.6715909443331582], "safety_score": 0.9804125992894723}}