{"timestamp": 1764482375.90122, "source": "AI_SHIELD", "energy_state": {"joules": 288.0687919112428, "entropy": 0.2917854097186965}, "event_type": "OPTIMIZATION_STEP", "payload": {"action_vector": [0.8848151350850467, 0.02817942857947975, 0.9990226982210189], "safety_score": 0.8064556554952335}}