{"timestamp": 1764482374.6758761, "source": "AI_SHIELD", "energy_state": {"joules": 210.86797334905256, "entropy": 0.12806231630283121}, "event_type": "OPTIMIZATION_STEP", "payload": {"action_vector": [0.9433987967628623, 0.561814663608919, 0.07194327457553518], "safety_score": 0.8731119001207523}}