{"timestamp": 1764437161.390974, "source": "CAPSULE_A2A", "energy_state": {"joules": 252.54130826571733, "entropy": 0.8247477733780743}, "event_type": "OPTIMIZATION_STEP", "payload": {"action_vector": [0.20927727052329903, 0.9066925739206712, 0.42553080472643323], "safety_score": 0.9549519334368405}}