{"timestamp": 1764482377.947998, "source": "AI_SHIELD", "energy_state": {"joules": 368.91470191670476, "entropy": 0.8063170484411887}, "event_type": "OPTIMIZATION_STEP", "payload": {"action_vector": [0.07623516334405855, 0.1167653314044369, 0.03393729721558647], "safety_score": 0.8451753479363768}}