{"timestamp": 1764437206.531631, "source": "CAPSULE_A2A", "energy_state": {"joules": 118.80413929340699, "entropy": 0.3558394976531667}, "event_type": "OPTIMIZATION_STEP", "payload": {"action_vector": [0.6713870610783861, 0.1258698494716407, 0.4910480280581745], "safety_score": 0.8253293124140458}}