{"timestamp": 1764482376.92463, "source": "ROBOTICS", "energy_state": {"joules": 275.6746323745903, "entropy": 0.6570121270382708}, "event_type": "OPTIMIZATION_STEP", "payload": {"action_vector": [0.27115683749399977, 0.5349442266055031, 0.19876633430693613], "safety_score": 0.889052032842998}}