{"timestamp": 1764482377.540737, "source": "AI_SHIELD", "energy_state": {"joules": 299.4126783371396, "entropy": 0.3623279143425987}, "event_type": "OPTIMIZATION_STEP", "payload": {"action_vector": [0.30376641133790305, 0.7850527264537344, 0.9356161491410651], "safety_score": 0.8313164892319274}}