{
  "timestamp_now": 1764436549.884405,
  "horizon_seconds": 60,
  "predicted_entropy": 18.807923130138278,
  "risk_level": "HIGH",
  "confidence": 0.25
}