{
  "total_predictions": 45,
  "total_time": 43.16603660583496,
  "mean_confidence": 0.9998924626244439,
  "std_confidence": 0.00023123542104474764,
  "mean_fidelity": 0.9999999670149682,
  "std_fidelity": 2.306475514461583e-08,
  "mean_entropy": 0.9745526803864373,
  "std_entropy": 0.003588813256550587,
  "aspiration_rate": 1.0,
  "mean_execution_time": 0.9580390930175782,
  "throughput": 1.0424862586044588
}